{
    "formatVersion": 1,
    "game": "minecraft",
    "versionId": "1.0.0",
    "name": "Lunarie",
    "files": [
        {
            "path": "mods/iris-mc1.20.4-1.6.15.jar",
            "hashes": {
                "sha1": "561a3fe8e7497262d700a2ef0d03a566dd2cd4d4",
                "sha512": "b828d50c6865cb1dcae52e3df2b82f9005d06ffd88f09f7ab690e20b0e1400b6f12ff14a437e0df36f2d147451cdc0e824ca85f0df9efeff0a3e9425f2eae5e7"
            },
            "env": {
                "client": "required",
                "server": "unsupported"
            },
            "downloads": [
                "https://cdn.modrinth.com/data/YL57xq9U/versions/dtaGVXSk/iris-mc1.20.4-1.6.15.jar"
            ],
            "fileSize": 2416339
        },
        {
            "path": "mods/modmenu-9.0.0.jar",
            "hashes": {
                "sha1": "eb09a3b6668407df4ad9b24849d52a38c448877e",
                "sha512": "62ae3152d6dfd2745b95a6572f085bf8deb708d183a4234e6f72ae7b07f05a787454d4f289cee96d4e0f7efab026ed6073659d1aebb87530abeb7ddcfc0fe40b"
            },
            "env": {
                "client": "required",
                "server": "unsupported"
            },
            "downloads": [
                "https://cdn.modrinth.com/data/mOgUt4GM/versions/sjtVVlsA/modmenu-9.0.0.jar"
            ],
            "fileSize": 724484
        },
        {
            "path": "mods/reeses_sodium_options-1.7.2+mc1.20.4-build.102.jar",
            "hashes": {
                "sha1": "5e2f4ad814f34e2f55fda4efa30c878c5e573978",
                "sha512": "6b890d098ed7168714a35452ad30b0bb41f4539874e651717daa69e65f916667ff59c6dd1ecf4d49b9b406b0bf97c675d94dea5091eb44f0417b448ff5ac0948"
            },
            "env": {
                "client": "required",
                "server": "unsupported"
            },
            "downloads": [
                "https://cdn.modrinth.com/data/Bh37bMuy/versions/fkLiGoHs/reeses_sodium_options-1.7.2%2Bmc1.20.4-build.102.jar"
            ],
            "fileSize": 77393
        },
        {
            "path": "mods/voicechat-fabric-1.20.4-2.5.1.jar",
            "hashes": {
                "sha1": "21789a594464836054a887d78aa27a2fc6ec857b",
                "sha512": "cdafa8ea3c5b934f0ea10690b3e50106ff4b6430ec56a4d4b715e754370b52e6161a906aed09361fa879874eaf8d6dc547d40441940477b1d90afe36affe6b92"
            },
            "env": {
                "client": "required",
                "server": "required"
            },
            "downloads": [
                "https://cdn.modrinth.com/data/9eGKb6K1/versions/lobOF2Co/voicechat-fabric-1.20.4-2.5.1.jar"
            ],
            "fileSize": 8089632
        },
        {
            "path": "mods/sodium-fabric-0.5.8+mc1.20.4.jar",
            "hashes": {
                "sha1": "4c38d7b01660a27a98406767c613b3f28b6c9dfe",
                "sha512": "bd00b956bde1205171e744a6a3780e835fb6928eb667fb2b56467818c979fb1e8c82561380a71a7dbfa1516cd4b6cf9087ca99f1ae066da6d65af2c828b8d554"
            },
            "env": {
                "client": "required",
                "server": "unsupported"
            },
            "downloads": [
                "https://cdn.modrinth.com/data/AANobbMI/versions/4GyXKCLd/sodium-fabric-0.5.8%2Bmc1.20.4.jar"
            ],
            "fileSize": 949085
        },
        {
            "path": "mods/cloth-config-13.0.121-fabric.jar",
            "hashes": {
                "sha1": "e20f396a937a09b686aa986c802643b9adbb311e",
                "sha512": "05a389ce4383c7b202e6aa7b37f39da01b6ee1f5b22dad076d528891b5ef8bcae335b2d7930b33b753ad34f1a61bae52f3447f74a4df6739239344674b59b0c5"
            },
            "env": {
                "client": "required",
                "server": "required"
            },
            "downloads": [
                "https://cdn.modrinth.com/data/9s6osm5g/versions/eBZiZ9NS/cloth-config-13.0.121-fabric.jar"
            ],
            "fileSize": 1142084
        },
        {
            "path": "mods/cosmetica-1.20.4-1.2.7.jar",
            "hashes": {
                "sha1": "8993a3c70db3ec17b4b12bd1c516392f4bd54e06",
                "sha512": "4562e46f22369ada1d0a1286edb764b104a522e4791d62e3075373b0cb1786cfcb3964381d28ee679780b746cf53230289722caa6aa537baf64722c0a74db043"
            },
            "env": {
                "client": "required",
                "server": "unsupported"
            },
            "downloads": [
                "https://cdn.modrinth.com/data/s9hF9QGp/versions/HNRBmXaG/cosmetica-1.20.4-1.2.7.jar"
            ],
            "fileSize": 564515
        },
        {
            "path": "mods/dynamic-fps-3.3.3+minecraft-1.20.0.jar",
            "hashes": {
                "sha1": "2f6a1fc113bd6bdd6f12edb2ca95c87a44a7d301",
                "sha512": "4184f0c81700962073df0945e95e82cdb36e15e50e14e8bf53f6e61baba6160a3253f6082c6d6c7fcef565dcf8ff4d49b850fc847e1153875db4356993189ba6"
            },
            "env": {
                "client": "required",
                "server": "unsupported"
            },
            "downloads": [
                "https://cdn.modrinth.com/data/LQ3K71Q1/versions/6ZZnpiKt/dynamic-fps-3.3.3%2Bminecraft-1.20.0.jar"
            ],
            "fileSize": 78714
        },
        {
            "path": "mods/modflared-1.1.0+beta.9.jar",
            "hashes": {
                "sha1": "bd67166743f3efa16dbcd89ea38d0620460fae93",
                "sha512": "f348873c49b9c5b5f9b7e3057c7c6c7cd6e446886944875c2eaccc444c9a70c382dd02c32bcc837f82222f49c98977f96c49b90db36f6e05060461d79395e2ff"
            },
            "env": {
                "client": "required",
                "server": "unsupported"
            },
            "downloads": [
                "https://cdn.modrinth.com/data/uRHq6kbO/versions/vKs2Eh6I/modflared-1.1.0%2Bbeta.9.jar"
            ],
            "fileSize": 33970
        },
        {
            "path": "mods/NoChatReports-FABRIC-1.20.4-v2.5.0.jar",
            "hashes": {
                "sha1": "4108d959727fde432620693c2e271b4be81e5591",
                "sha512": "123501578045a30e7730530deeedebd7aae611c10d69359ba6d90aa53651455e8d08e86c4ef84242b18147eaa54775b4d06e57c1eae43a9f357bceb15a65a5ed"
            },
            "env": {
                "client": "required",
                "server": "required"
            },
            "downloads": [
                "https://cdn.modrinth.com/data/qQyHxfxd/versions/tfv6A4l5/NoChatReports-FABRIC-1.20.4-v2.5.0.jar"
            ],
            "fileSize": 721079
        },
        {
            "path": "mods/continuity-3.0.0-beta.4+1.20.2.jar",
            "hashes": {
                "sha1": "f9eaa5fc75d2747dbe14818dfde04eaf7152ae3c",
                "sha512": "e8fde231301571ee75695bcd8ceb69db77192551217d8c65d8587d4f114b241112f06b39f82d84c3a13c98c42be6666a9a207890340413441fbe91237f56fbcf"
            },
            "env": {
                "client": "required",
                "server": "unsupported"
            },
            "downloads": [
                "https://cdn.modrinth.com/data/1IjD5062/versions/JXhQlDZl/continuity-3.0.0-beta.4%2B1.20.2.jar"
            ],
            "fileSize": 1050675
        },
        {
            "path": "mods/starlight-1.1.3+fabric.f5dcd1a.jar",
            "hashes": {
                "sha1": "6c1dfb43aa2873ecf474b3278d42348457fbca0f",
                "sha512": "6bc9e4582f6e28dada721cd5a3eea5b817e3445883a3717c1927c558ee991dc327239c62afd4ce9215fa7735c3afa6e870f287826dc4c2d773a524903a7b8fb4"
            },
            "env": {
                "client": "required",
                "server": "required"
            },
            "downloads": [
                "https://cdn.modrinth.com/data/H8CaAYZC/versions/HZYU0kdg/starlight-1.1.3%2Bfabric.f5dcd1a.jar"
            ],
            "fileSize": 126410
        },
        {
            "path": "mods/Xaeros_Minimap_23.9.7_Fabric_1.20.4.jar",
            "hashes": {
                "sha1": "a9eccc98e5df49bd0a9c893d16f03945d7a81edb",
                "sha512": "b2fdaf6154d1258467c8c5d5eb6d6b26f30ce63dadeca8ad3f0c5a440eff39f8b5462826506b65fded91e83f8f082f5c7d1866fc3dd31072de56347ab01cf46c"
            },
            "env": {
                "client": "required",
                "server": "unsupported"
            },
            "downloads": [
                "https://cdn.modrinth.com/data/1bokaNcj/versions/LLE04weG/Xaeros_Minimap_23.9.7_Fabric_1.20.4.jar"
            ],
            "fileSize": 1413385
        },
        {
            "path": "mods/fabric-api-0.95.4+1.20.4.jar",
            "hashes": {
                "sha1": "f6d5bec4885374d8d7b35e745fff765069afe5dc",
                "sha512": "a50ad75003e89289930e9fe65be18b1cabe9aa4bc5179c72f2f23096451f92064d93625f74c0094d9ae8a02f43ad847d2f4fb11fafe88534ebd1a566b0d9d7f1"
            },
            "env": {
                "client": "required",
                "server": "required"
            },
            "downloads": [
                "https://cdn.modrinth.com/data/P7dR8mSH/versions/cpC3P6YE/fabric-api-0.95.4%2B1.20.4.jar"
            ],
            "fileSize": 2141107
        },
        {
            "path": "mods/ferritecore-6.0.3-fabric.jar",
            "hashes": {
                "sha1": "f2bbb773f4213d36201b76820f206e2a6f213c0c",
                "sha512": "709ab6362dd1dcc432edd1e6c33aafba6f2d12be701bc14911107340f8ac2466779c4e57d8a303f0350c46478f23008e6eeca78e4eadedd0bdee63d4ae72ed9a"
            },
            "env": {
                "client": "required",
                "server": "required"
            },
            "downloads": [
                "https://cdn.modrinth.com/data/uXXizFIs/versions/pguEMpy9/ferritecore-6.0.3-fabric.jar"
            ],
            "fileSize": 125100
        },
        {
            "path": "mods/memoryleakfix-fabric-1.17+-1.1.5.jar",
            "hashes": {
                "sha1": "784bbbe9c64ac9d3d4ad19786c02291e607fcf4e",
                "sha512": "a7bf7429340d076f4b30602bc714280c3f5cb8e814e76e89296c8155e3355b33304a148e9218378a3383127e95b7ba47402506c687f1d58609704fe8cc60ab93"
            },
            "env": {
                "client": "required",
                "server": "required"
            },
            "downloads": [
                "https://cdn.modrinth.com/data/NRjRiSSD/versions/5xvCCRjJ/memoryleakfix-fabric-1.17%2B-1.1.5.jar"
            ],
            "fileSize": 49334
        },
        {
            "path": "mods/sodium-extra-0.5.4+mc1.20.4-build.116.jar",
            "hashes": {
                "sha1": "5cdad24baaac7c254e07205aef6052946f4a5246",
                "sha512": "6db6380831823af00e9646969276a10ba8a82c78df3318af5b562e5c9975e4af7e463f689ef6182a75b52d56591cc0dc9bdfbaaf78c92bc5b415e06ca65fda90"
            },
            "env": {
                "client": "required",
                "server": "unsupported"
            },
            "downloads": [
                "https://cdn.modrinth.com/data/PtjYWJkn/versions/M0ndiav7/sodium-extra-0.5.4%2Bmc1.20.4-build.116.jar"
            ],
            "fileSize": 385665
        }
    ],
    "dependencies": {
        "fabric-loader": "0.15.6",
        "minecraft": "1.20.4"
    }
}
